wc_id,title,kind,canonical_key,old_key,old_value,current_key,current_value
10714,Panel de Lana de Roca ROCKWOOL ProRox SL 920 NA (Ligero 48 kg/m³) para Aislamiento Térmico Intermedio (Hasta 650°C) en Paredes Verticales y Horizontales,changed,aplicacion,Aplicación,"Paredes de Tanques, Conductos, Equipos Estáticos",Aplicación,"Aislamiento térmico y acústico de tanques, recipientes, calderas, ductos y paredes verticales u horizontales en industria intermedia."
10714,Panel de Lana de Roca ROCKWOOL ProRox SL 920 NA (Ligero 48 kg/m³) para Aislamiento Térmico Intermedio (Hasta 650°C) en Paredes Verticales y Horizontales,changed,densidad real,Densidad Real,40 kg/m³ (2.5 lb/ft³),Densidad Real,48 kg/m³ (Nominal 3.0 lb/ft³)
10714,Panel de Lana de Roca ROCKWOOL ProRox SL 920 NA (Ligero 48 kg/m³) para Aislamiento Térmico Intermedio (Hasta 650°C) en Paredes Verticales y Horizontales,changed,reaccion al fuego,Reacción al Fuego,Incombustible (ASTM E136),Reacción al Fuego,"Incombustible (ASTM E84 / ASTM E136, propagación de llama 0, humo 0)"
10714,Panel de Lana de Roca ROCKWOOL ProRox SL 920 NA (Ligero 48 kg/m³) para Aislamiento Térmico Intermedio (Hasta 650°C) en Paredes Verticales y Horizontales,added_after_migration,dimensiones,,,Dimensiones,1200 x 600 x 50 mm (48″ x 24″ x 2″)
10714,Panel de Lana de Roca ROCKWOOL ProRox SL 920 NA (Ligero 48 kg/m³) para Aislamiento Térmico Intermedio (Hasta 650°C) en Paredes Verticales y Horizontales,added_after_migration,temperatura maxima de servicio,,,Temperatura Máxima de Servicio,650 °C (1200 °F)
10839,"Novus N2000 (1/8 DIN 48x96mm) – Controlador de Procesos Universal PID Auto-Sintonía, Rampa y Meseta y USB",changed,alimentacion,Alimentación,100-240 Vac/dc (Estándar) o 24 Vdc/ac,Alimentación,100 a 240 VCA / VCC (50/60 Hz)
10839,"Novus N2000 (1/8 DIN 48x96mm) – Controlador de Procesos Universal PID Auto-Sintonía, Rampa y Meseta y USB",changed,comunicacion,Comunicación,RS485 Modbus RTU (Opcional) / USB,Comunicación,Puerto Micro-USB Estándar (Configuración QuickTune) / RS485 Modbus RTU (Opcional)
10839,"Novus N2000 (1/8 DIN 48x96mm) – Controlador de Procesos Universal PID Auto-Sintonía, Rampa y Meseta y USB",changed,formato,Formato,48 x 96 x 92 mm (1/8 DIN Vertical),Formato,1/8 DIN (48 x 96 mm)
10839,"Novus N2000 (1/8 DIN 48x96mm) – Controlador de Procesos Universal PID Auto-Sintonía, Rampa y Meseta y USB",added_after_migration,entrada de medicion,,,Entrada de Medición,"Universal: Termopares (J, K, T, N, R, S, B, E), RTD Pt100, 4-20mA, 0-50mV, 0-5V, 0-10V"
10839,"Novus N2000 (1/8 DIN 48x96mm) – Controlador de Procesos Universal PID Auto-Sintonía, Rampa y Meseta y USB",added_after_migration,programas de control,,,Programas de Control,7 Programas de Rampas y Mesetas con 7 Segmentos cada uno
10839,"Novus N2000 (1/8 DIN 48x96mm) – Controlador de Procesos Universal PID Auto-Sintonía, Rampa y Meseta y USB",added_after_migration,salidas de control alarma,,,Salidas de Control / Alarma,4 Relés (2x SPDT 3A + 2x SPST 1.5A) + Salida Pulso SSR / 4-20mA
11417,Transmisor de Humedad y Temperatura Tzone THT02 (RS485 Modbus RTU) – Montaje en Pared,changed,alimentacion,Alimentación,5V - 24V DC (Consumo < 5mA),Alimentación,5 a 24 VCC
11417,Transmisor de Humedad y Temperatura Tzone THT02 (RS485 Modbus RTU) – Montaje en Pared,changed,precision,Precisión,±0.2°C / ±2% HR,Precisión,±0.2 °C / ±2% RH
11417,Transmisor de Humedad y Temperatura Tzone THT02 (RS485 Modbus RTU) – Montaje en Pared,changed,rango de humedad,Rango de Humedad,0% a 100% HR,Rango de Humedad,0 a 100% RH
11417,Transmisor de Humedad y Temperatura Tzone THT02 (RS485 Modbus RTU) – Montaje en Pared,changed,rango de temperatura,Rango de Temperatura,'-40°C a +125°C,Rango de Temperatura,-40 a +80 °C
11417,Transmisor de Humedad y Temperatura Tzone THT02 (RS485 Modbus RTU) – Montaje en Pared,added_after_migration,comunicacion,,,Comunicación,RS485 Modbus RTU
11432,Transmisor de Humedad y Temperatura Tzone THT03R (RS485 Modbus RTU) – Sonda Remota (-40°C a +85°C),changed,alimentacion,Alimentación,5V - 36V DC (Compatible con 12V y 24V),Alimentación,5 a 36 VCC
11432,Transmisor de Humedad y Temperatura Tzone THT03R (RS485 Modbus RTU) – Sonda Remota (-40°C a +85°C),changed,precision,Precisión,±0.2°C / ±2% HR,Precisión,±0.3 °C / ±2% RH
11432,Transmisor de Humedad y Temperatura Tzone THT03R (RS485 Modbus RTU) – Sonda Remota (-40°C a +85°C),changed,rango de humedad,Rango de Humedad,0% a 100% HR,Rango de Humedad,5 a 95% RH
11432,Transmisor de Humedad y Temperatura Tzone THT03R (RS485 Modbus RTU) – Sonda Remota (-40°C a +85°C),changed,rango de temperatura,Rango de Temperatura,'-40°C a +120°C,Rango de Temperatura,-40 a +85 °C
11432,Transmisor de Humedad y Temperatura Tzone THT03R (RS485 Modbus RTU) – Sonda Remota (-40°C a +85°C),added_after_migration,comunicacion,,,Comunicación,RS485 Modbus RTU
11441,Transmisor de Humedad y Temperatura Tzone THT03C (Salida 4-20mA) – Sonda Remota Industrial,changed,alimentacion,Alimentación,12V - 36V DC (Típico 24VDC),Alimentación,12 a 30 VCC
11441,Transmisor de Humedad y Temperatura Tzone THT03C (Salida 4-20mA) – Sonda Remota Industrial,changed,precision,Precisión,±0.2°C / ±2% HR,Precisión,±0.3 °C / ±2% RH
11441,Transmisor de Humedad y Temperatura Tzone THT03C (Salida 4-20mA) – Sonda Remota Industrial,changed,rango de humedad,Rango de Humedad,0% a 95% HR (Sin condensación),Rango de Humedad,0 a 100% RH
11441,Transmisor de Humedad y Temperatura Tzone THT03C (Salida 4-20mA) – Sonda Remota Industrial,changed,rango de temperatura,Rango de Temperatura,'-40°C a +125°C,Rango de Temperatura,-40 a +85 °C
11441,Transmisor de Humedad y Temperatura Tzone THT03C (Salida 4-20mA) – Sonda Remota Industrial,added_after_migration,salida,,,Salida,Analógica 4-20 mA (Lazo de Corriente 2 Hilos)
11504,Termostato Industrial King Electric TRF115-005 (0 a 120°F / -17.8 a 48.8°C) NEMA 4X para Calefacción y Refrigeración,added_after_migration,capacidad electrica,,,Capacidad Eléctrica,"25 A @ 120/208/240 VAC, 22 A @ 277 VAC"
11504,Termostato Industrial King Electric TRF115-005 (0 a 120°F / -17.8 a 48.8°C) NEMA 4X para Calefacción y Refrigeración,added_after_migration,diferencial de control,,,Diferencial de Control,3 °F Fijo
11504,Termostato Industrial King Electric TRF115-005 (0 a 120°F / -17.8 a 48.8°C) NEMA 4X para Calefacción y Refrigeración,added_after_migration,grado de proteccion,,,Grado de Protección,NEMA 4X Resistente a la Intemperie y Ambientes Corrosivos
11504,Termostato Industrial King Electric TRF115-005 (0 a 120°F / -17.8 a 48.8°C) NEMA 4X para Calefacción y Refrigeración,added_after_migration,rango de temperatura,,,Rango de Temperatura,0 a 120 °F (-17.8 a 48.8 °C)
11504,Termostato Industrial King Electric TRF115-005 (0 a 120°F / -17.8 a 48.8°C) NEMA 4X para Calefacción y Refrigeración,added_after_migration,tipo de control,,,Tipo de Control,Unipolar Doble Tiro (SPDT) para Calefacción o Refrigeración
12717,Brida Roscada de Acero Inoxidable Novus SS310 para Sensores RHT-P10 / RHT-XS (Código 8803900210),changed,compatibilidad,Compatibilidad,Exclusiva para transmisor Novus RHT-P10,Compatibilidad,Exclusiva para Sondas Remotas Novus RHT-P10 y RHT-XS (Ø 13.5 mm)
12717,Brida Roscada de Acero Inoxidable Novus SS310 para Sensores RHT-P10 / RHT-XS (Código 8803900210),added_after_migration,codigo fabricante,,,Código Fabricante,8803900210
12717,Brida Roscada de Acero Inoxidable Novus SS310 para Sensores RHT-P10 / RHT-XS (Código 8803900210),added_after_migration,material,,,Material,Acero Inoxidable 316L
12717,Brida Roscada de Acero Inoxidable Novus SS310 para Sensores RHT-P10 / RHT-XS (Código 8803900210),added_after_migration,rosca a proceso,,,Rosca a Proceso,1/2″ BSP / NPT
13040,Cable Calefactor Autorregulable King Electric Serie SR para Protección contra Congelación de Tuberías y Techos,added_after_migration,accesorios opcionales,,,Accesorios Opcionales,"Kits de conexión de fuerza, empalmes y terminaciones de final de línea (Serie SRK / SRP)"
13040,Cable Calefactor Autorregulable King Electric Serie SR para Protección contra Congelación de Tuberías y Techos,added_after_migration,potencias disponibles,,,Potencias Disponibles,"3, 5, 8, 10 W/ft a 10°C (50°F)"
13040,Cable Calefactor Autorregulable King Electric Serie SR para Protección contra Congelación de Tuberías y Techos,added_after_migration,presentacion,,,Presentación,"Suministro continuo por metros / Bobinas de 100, 250, 500 y 1000 ft"
13040,Cable Calefactor Autorregulable King Electric Serie SR para Protección contra Congelación de Tuberías y Techos,added_after_migration,temperatura maxima de exposicion,,,Temperatura Máxima de Exposición,85 °C (185 °F)
13040,Cable Calefactor Autorregulable King Electric Serie SR para Protección contra Congelación de Tuberías y Techos,added_after_migration,temperatura maxima de mantenimiento,,,Temperatura Máxima de Mantenimiento,65 °C (150 °F)
13040,Cable Calefactor Autorregulable King Electric Serie SR para Protección contra Congelación de Tuberías y Techos,added_after_migration,tension nominal,,,Tensión Nominal,120V / 208-277V
