wc_id,handle,title,brand,issues
11483,calefactor-marino-de-acero-inoxidable-daw-ss,"Calefactor Marino de Acero Inoxidable DAW-SS con 7 Niveles de Calor, Envolvente de Acero Inoxidable 304, Protección Contra Congelación, Ventilador Silencioso Tipo Squirrel Cage, Indicador Luminoso Verde y Bajo Consumo Energético para RVs, Embarcaciones, Cabinas y Usos Industriales",King Electric,no_specs
11486,paw-ss-calefactor-marino,"PAW-SS Calefactor Marino de Acero Inoxidable - Pic-A-Watt® con Envolvente de Acero 304, Blower Silencioso, Protección Smart Limit®, Montaje Empotrado o en Superficie, y Opciones de Potencia de 250 a 2250W para Barcos y Aplicaciones Marinas",King Electric,no_specs
11489,calefactor-marino-mkt-ss,"Calefactor Marino de Acero Inoxidable MKT-SS – Diseño de Bajo Perfil, Acero 304, Resistente a la Corrosión, Doble Potencia, Protección Smart Limit®, Ventilador Tangencial Silencioso, Elemento de Calor NiChrome, Ideal para Embarcaciones y Áreas de Alta Humedad",King Electric,no_specs
11494,calefactor-compacto-kbp,"Calefactor Compacto Modelo KBP – Elemento Pic-A-Watt®, Múltiples Opciones de Potencia, Termostato Integrado, Protección Smart Limit®, Ideal para Garajes, Talleres y Invernaderos",King Electric,no_specs
11499,calefactor-industrial-king-kb,"Calefactor Industrial King KB PlatinumX: Unidad Electrónica Pesada con Termostato Integrado, Compatible con NEST, Ideal para Almacenes, Garajes, Edificios Altos y Áreas Expuestas – Hasta 25kW",King Electric,no_specs
11507,calefactor-de-pared-modelo-w,Calefactor de Pared Modelo W Diseño Económico con Elemento NiChrome para Transferencia Rápida de Calor Motor C-Frame y Ventilador de 4 Aspas de Aluminio Protección Patented Smart Limit Compatible con Termostato Integrado o de Pared Apto para Instalaciones en Ubicaciones Húmedas,King Electric,no_specs
11512,calefactor-modelo-wsc,"Calefactor Montado en Superficie Modelo WSC con Certificación UL2021 para Uso Exterior, Elemento de Calentamiento NiChrome, Termostato Incorporado (40°F a 90°F), Protección Inteligente contra Sobrecalentamiento, Diseño Antihumedad y Aplicaciones de Protección contra Congelamiento",King Electric,no_specs
11542,ventilador-king-pfo-24,"Ventilador Oscilante Comercial King PFO-24 con Motor Enclavado para Exteriores, 3 Velocidades, 7500 CFM, Altura Ajustable de 145 a 190 cm, Protección Contra Agua para Uso en Talleres, Almacenes y Fábricas",King Electric,no_specs
11547,ventilador-king-pfo-30,"Ventilador Oscilante Comercial King PFO-30 de Alta Velocidad, Motor Enclavado para Exteriores, 3 Velocidades, 8200 CFM, Altura Ajustable de 145 a 190 cm, Protección Contra Agua para Uso en Talleres, Almacenes y Fábricas",King Electric,no_specs
11563,calefactor-radiante-infrarrojo-smartwave,"Calefactor Radiante Infrarrojo SmartWave® de Fibra de Carbono con Alimentación 208V/240V, 2 Niveles de Calor y Temporizador de 24 Horas, Potencia 1500W, Protección IP55, Control Remoto, para Uso en Patios y Aplicaciones Comerciales",King Electric,no_specs
11606,termostato-n-e-m-a-4x-tf115,"Termostato Mecánico N.E.M.A.4X TF115 con Alimentación 24/120/208/240V, 3 Cables SPDT, Rango de Temperatura 40-100°F, Precisión ±2°F, Protección NEMA 4X para Refrigeración, Calefacción y Ventilación Industrial",King Electric,no_specs
11609,termostato-n-e-m-a-4x-th109,"Termostato Mecánico N.E.M.A.4X TH109 con Alimentación 24 VAC, 6 Cables SPDT, Rango de Temperatura 40-100°F, Precisión ±2°F, Protección NEMA 4X para Refrigeración, Calefacción y Ventilación Industrial",King Electric,no_specs
11612,termostato-wifi-modelo-hoot,"Termostato Programable WIFI Modelo HOOT - Blanco, Control con App, Pantalla Táctil LCD, Multi-Voltaje 120/208/240V, Rango de Temperatura 41-90°F, Precisión ±1°F, Actualizaciones OTA",King Electric,no_specs
11615,termostato-programable-k302pe,"Termostato Programable K302PE para Calefactores Eléctricos, Panel Acrílico, Dual Voltaje 120/208/240V, Control de Temperatura Preciso ±1°F, Pantalla LCD Retroiluminada, Ahorro de Energía del 28%",King Electric,no_specs
11618,termostato-mecanico-k101,"Termostato Mecánico de Polo Único K101 con Sensor Bi-Metal, Rango de Operación 41°-90°F (3°-32°C), Ajuste Fácil, Sin Cable de Tierra, para Uso en Hogar y Oficina",King Electric,no_specs
11621,termostato-mecanico-k102,"Termostato Mecánico de Doble Polo MODEL K102 con Sensor Bi-Metal, Rango de Operación 41°-90°F (3°-32°C), Ajuste Fácil, Sin Cable de Tierra, para Uso en Hogar y Oficina",King Electric,no_specs
11624,termostato-enfriamiento-k101-c,"Termostato de Enfriamiento K101-C con Sensor Bi-Metal, Sin Cable de Tierra, Rango de Operación 41°-90°F (3°-32°C), Instalación Fácil, Para Aplicaciones de Voltaje de Línea",King Electric,no_specs
11627,ventilador-oscilante-wfo-24,"Ventilador Oscilante de Alta Velocidad WFO-24 de 24'' para Montaje en Pared, Motor para Exteriores, 3 Velocidades, 7500 CFM",King Electric,no_specs
11630,ventilador-oscilante-wfo-30,"Ventilador Oscilante de Alta Velocidad WFO-30 de 30'' para Montaje en Pared, Motor para Exteriores, 3 Velocidades, 8200 CFM",King Electric,no_specs
11633,kit-de-nebulizacion-pfo-mistkit,"Kit de Nebulización PFO-MISTKIT para Ventiladores PFO y WFO, Enfriamiento Eficiente en Áreas Exteriores, Instalación Rápida, Conexión a Manguera de Jardín, Válvula de Cierre",King Electric,no_specs
11636,funda-resistente-al-agua-fo-cover-24,"Funda Resistente al Agua FO-COVER-24 para Ventiladores de 24'', Protección contra Polvo y Agua, Instalación Rápida con Cremallera",King Electric,no_specs
11639,funda-resistente-al-agua-fo-cover-30,"Funda Resistente al Agua FO-COVER-30 para Ventiladores de 30'', Protección contra Polvo y Agua, Instalación Rápida con Cremallera",King Electric,no_specs
11642,panel-de-cubierta-sc-pw-de-lana-de-roca,"Panel de Cubierta SC-PW de Lana de Roca, Aislamiento Térmico y Acústico para Techos Metálicos, Alta Resistencia al Fuego",Sinopan,no_specs
11654,panel-de-fachada-sc-pw-de-lana-de-roca,"Panel de Fachada SC-PW de Lana de Roca, Aislamiento Térmico y Acústico para Muros Exteriores, Resistente al Fuego",Sinopan,no_specs
11743,indicador-universal-n1500-g,"Indicador Universal N1500-G – Entrada Configurable (Pt100, Termocupla, 4–20 mA, 0–50 mV, 0–5 V), Display LED de 5 Dígitos de 56 mm, 24 V de Excitación para Transmisores, Dos Relés de Alarma, Retransmisión Analógica y RS-485 Modbus",Novus,no_specs
12869,novus-txisoloop,Novus TxIsoLoop – Aislador de Lazo de Corriente 4-20 mA de 1 y 2 Canales para Riel DIN,Novus,quote_marked_in_stock
