current_wc_id,handle,title,brand,category
90001,novus-ssr-4810,Novus SSR-4810 – Relé de Estado Sólido Monofásico 10A 480VAC con Conmutación Zero Cross,Novus,control-e-indicacion/reles-ssr
90002,novus-ssr-4825,Novus SSR-4825 – Relé de Estado Sólido Monofásico 25A 480VAC con Conmutación Zero Cross,Novus,control-e-indicacion/reles-ssr
90003,novus-ssr-4840,Novus SSR-4840 – Relé de Estado Sólido Monofásico 40A 480VAC con Conmutación Zero Cross,Novus,control-e-indicacion/reles-ssr
90004,novus-ssr-4880,Novus SSR-4880 – Relé de Estado Sólido Monofásico 80A 480VAC Heavy Duty,Novus,control-e-indicacion/reles-ssr
90005,novus-ssr-3ph-40a,Novus SSR3-4840 – Relé de Estado Sólido Trifásico 40A 480VAC,Novus,control-e-indicacion/reles-ssr
90006,novus-power-controller-60a,Novus PCW-60A – Controlador Proporcional de Potencia Tiristor SCR 60A,Novus,control-e-indicacion/reles-ssr
90007,novus-power-controller-100a,Novus PCW-100A – Controlador Proporcional de Potencia Tiristor SCR 100A,Novus,control-e-indicacion/reles-ssr
90008,novus-power-controller-200a,Novus PCW-200A – Controlador de Potencia Industrial SCR 200A Heavy Duty,Novus,control-e-indicacion/reles-ssr
90009,novus-interface-relay-nio-24v,Novus NIO 24V – Módulo de Relé de Interfaz Electromecánico Riel DIN 24VDC,Novus,control-e-indicacion/reles-ssr
90010,novus-interface-relay-nio-220v,Novus NIO 220V – Módulo de Relé de Interfaz Electromecánico Riel DIN 220VAC,Novus,control-e-indicacion/reles-ssr
